{
	"result" : 
	{
		"Driver_11" : 
		{
			"1" : 
			[
				12.977499999999999,
				80.219430000000003
			],
			"2" : 
			[
				12.977080000000001,
				80.221230000000006
			],
			"3" : 
			[
				12.9754,
				80.223950000000002
			],
			"4" : 
			[
				12.977499999999999,
				80.219430000000003
			],
			"capacity" : 45,
			"driverID" : "11",
			"shipmentList" : 
			[
				66,
				17,
				26,
				66
			],
			"total" : "4"
		},
		"Driver_12" : 
		{
			"1" : 
			[
				12.977499999999999,
				80.219430000000003
			],
			"2" : 
			[
				12.9773,
				80.222390000000004
			],
			"3" : 
			[
				12.980969999999999,
				80.223320000000001
			],
			"4" : 
			[
				12.98137,
				80.225210000000004
			],
			"5" : 
			[
				12.98129,
				80.22533
			],
			"6" : 
			[
				12.977499999999999,
				80.219430000000003
			],
			"capacity" : 57,
			"driverID" : "12",
			"shipmentList" : 
			[
				66,
				18,
				21,
				22,
				24,
				66
			],
			"total" : "6"
		},
		"Driver_13" : 
		{
			"1" : 
			[
				12.977499999999999,
				80.219430000000003
			],
			"2" : 
			[
				12.9849,
				80.219449999999995
			],
			"3" : 
			[
				12.9839450000069,
				80.222619999974597
			],
			"4" : 
			[
				12.980499999999999,
				80.223650000000006
			],
			"5" : 
			[
				12.977499999999999,
				80.219430000000003
			],
			"capacity" : 49,
			"driverID" : "13",
			"shipmentList" : 
			[
				66,
				13,
				23,
				20,
				66
			],
			"total" : "5"
		},
		"Driver_8" : 
		{
			"1" : 
			[
				12.977499999999999,
				80.219430000000003
			],
			"2" : 
			[
				12.979340000000001,
				80.209440000000001
			],
			"3" : 
			[
				12.99288,
				80.215500000000006
			],
			"4" : 
			[
				12.97927,
				80.218990000000005
			],
			"5" : 
			[
				12.97841,
				80.219570000000004
			],
			"6" : 
			[
				12.977499999999999,
				80.219430000000003
			],
			"capacity" : 43,
			"driverID" : "8",
			"shipmentList" : 
			[
				66,
				14,
				12,
				15,
				16,
				66
			],
			"total" : "6"
		},
		"Driver_9" : 
		{
			"1" : 
			[
				12.977499999999999,
				80.219430000000003
			],
			"2" : 
			[
				12.967449999999999,
				80.217600000000004
			],
			"3" : 
			[
				12.979379653930664,
				80.218467712402344
			],
			"4" : 
			[
				12.977499999999999,
				80.219430000000003
			],
			"capacity" : 37,
			"driverID" : "9",
			"shipmentList" : 
			[
				66,
				11,
				25,
				66
			],
			"total" : "4"
		},
		"driverList" : 
		[
			"Driver_8",
			"Driver_9",
			"Driver_11",
			"Driver_12",
			"Driver_13"
		],
		"totalDrivers" : "5"
	}
}