{
	"result" : 
	{
		"Driver_29" : 
		{
			"1" : 
			[
				12.977499999999999,
				80.219430000000003
			],
			"2" : 
			[
				12.97927,
				80.218990000000005
			],
			"3" : 
			[
				12.977499999999999,
				80.219430000000003
			],
			"capacity" : 12,
			"shipmentList" : 
			[
				22,
				22,
				22
			],
			"total" : "3"
		},
		"Driver_34" : 
		{
			"1" : 
			[
				12.977499999999999,
				80.219430000000003
			],
			"2" : 
			[
				12.967449999999999,
				80.217600000000004
			],
			"3" : 
			[
				12.977499999999999,
				80.219430000000003
			],
			"capacity" : 14,
			"shipmentList" : 
			[
				22,
				22,
				22
			],
			"total" : "3"
		},
		"Driver_37" : 
		{
			"1" : 
			[
				12.977499999999999,
				80.219430000000003
			],
			"2" : 
			[
				12.979340000000001,
				80.209440000000001
			],
			"3" : 
			[
				12.977499999999999,
				80.219430000000003
			],
			"capacity" : 7,
			"shipmentList" : 
			[
				22,
				22,
				22
			],
			"total" : "3"
		},
		"Driver_40" : 
		{
			"1" : 
			[
				12.977499999999999,
				80.219430000000003
			],
			"2" : 
			[
				12.99288,
				80.215500000000006
			],
			"3" : 
			[
				12.977499999999999,
				80.219430000000003
			],
			"capacity" : 10,
			"shipmentList" : 
			[
				22,
				22,
				22
			],
			"total" : "3"
		},
		"Driver_44" : 
		{
			"1" : 
			[
				12.977499999999999,
				80.219430000000003
			],
			"2" : 
			[
				12.9849,
				80.219449999999995
			],
			"3" : 
			[
				12.977499999999999,
				80.219430000000003
			],
			"capacity" : 8,
			"shipmentList" : 
			[
				22,
				22,
				22
			],
			"total" : "3"
		},
		"Driver_52" : 
		{
			"1" : 
			[
				12.977499999999999,
				80.219430000000003
			],
			"2" : 
			[
				12.9773,
				80.222390000000004
			],
			"3" : 
			[
				12.977499999999999,
				80.219430000000003
			],
			"capacity" : 14,
			"shipmentList" : 
			[
				22,
				22,
				22
			],
			"total" : "3"
		},
		"Driver_56" : 
		{
			"1" : 
			[
				12.977499999999999,
				80.219430000000003
			],
			"2" : 
			[
				12.97841,
				80.219570000000004
			],
			"3" : 
			[
				12.977499999999999,
				80.219430000000003
			],
			"capacity" : 14,
			"shipmentList" : 
			[
				22,
				22,
				22
			],
			"total" : "3"
		},
		"Driver_57" : 
		{
			"1" : 
			[
				12.977499999999999,
				80.219430000000003
			],
			"2" : 
			[
				12.977080000000001,
				80.221230000000006
			],
			"3" : 
			[
				12.977499999999999,
				80.219430000000003
			],
			"capacity" : 23,
			"shipmentList" : 
			[
				22,
				22,
				22
			],
			"total" : "3"
		},
		"totalDrivers" : "8"
	}
}