{
	"result" : 
	{
		"Driver_1" : 
		{
			"1" : 
			[
				12.977499999999999,
				80.219430000000003
			],
			"2" : 
			[
				12.983375000015499,
				80.222259999951106
			],
			"3" : 
			[
				12.984310000000001,
				80.225319999999996
			],
			"4" : 
			[
				12.98137,
				80.225210000000004
			],
			"5" : 
			[
				12.98129,
				80.22533
			],
			"6" : 
			[
				12.980969999999999,
				80.223320000000001
			],
			"7" : 
			[
				12.981669999999999,
				80.222999999999999
			],
			"8" : 
			[
				12.977499999999999,
				80.219430000000003
			],
			"capacity" : 29,
			"total" : "8"
		},
		"Driver_2" : 
		{
			"1" : 
			[
				12.977499999999999,
				80.219430000000003
			],
			"2" : 
			[
				12.977080000000001,
				80.221230000000006
			],
			"3" : 
			[
				12.9754,
				80.223950000000002
			],
			"4" : 
			[
				12.979240000000001,
				80.22336
			],
			"5" : 
			[
				12.980499999999999,
				80.223650000000006
			],
			"6" : 
			[
				12.9849,
				80.219449999999995
			],
			"7" : 
			[
				12.977499999999999,
				80.219430000000003
			],
			"capacity" : 30,
			"total" : "7"
		},
		"Driver_3" : 
		{
			"1" : 
			[
				12.977499999999999,
				80.219430000000003
			],
			"2" : 
			[
				12.967449999999999,
				80.217600000000004
			],
			"3" : 
			[
				12.99288,
				80.215500000000006
			],
			"4" : 
			[
				12.977499999999999,
				80.219430000000003
			],
			"capacity" : 24,
			"total" : "4"
		},
		"Driver_4" : 
		{
			"1" : 
			[
				12.977499999999999,
				80.219430000000003
			],
			"2" : 
			[
				12.9773,
				80.222390000000004
			],
			"3" : 
			[
				12.9735950000122,
				80.220039999930805
			],
			"4" : 
			[
				12.979340000000001,
				80.209440000000001
			],
			"5" : 
			[
				12.977499999999999,
				80.219430000000003
			],
			"capacity" : 15,
			"total" : "5"
		},
		"Driver_5" : 
		{
			"1" : 
			[
				12.977499999999999,
				80.219430000000003
			],
			"2" : 
			[
				12.979379653930664,
				80.218467712402344
			],
			"3" : 
			[
				12.97927,
				80.218990000000005
			],
			"4" : 
			[
				12.97841,
				80.219570000000004
			],
			"5" : 
			[
				12.977499999999999,
				80.219430000000003
			],
			"capacity" : 30,
			"total" : "5"
		},
		"totalDrivers" : "5"
	}
}